{"cameraMode":{"drawMode":0,"name":"Shaded","section":"Shading Mode"},"sceneLighting":false,"audioPlay":false,"sceneViewState":{"m_AlwaysRefresh":false,"showFog":true,"showSkybox":true,"showFlares":true,"showImageEffects":true,"showParticleSystems":true,"showVisualEffectGraphs":true,"m_FxEnabled":true},"in2DMode":false,"pivot":{"x":0.2377825379371643,"y":0.9332904815673828,"z":-1.4321963787078858},"rotation":{"x":0.00782923772931099,"y":-0.9820891618728638,"z":0.18359391391277314,"w":0.04187146946787834},"size":1.244919776916504,"orthographic":false}